n,metodo,atipicos,entrada_replicada,iteraciones,repeticiones,min_total_s,min_por_llamada_us,mediana_por_llamada_us,max_por_llamada_us,mediana_pico_bytes,entrada_bytes
541,bucle,61,False,1000,3,0.04964649979956448,49.64649979956448,49.69720006920397,50.62639992684126,2416,4460
541,pandas,61,False,1000,3,0.1809839999768883,180.9839999768883,181.43610004335642,183.6822999175638,7866,4460
1000,bucle,114,True,1000,3,0.09457450010813773,94.57450010813773,94.96510005556047,97.15840010903776,4200,8132
1000,pandas,114,True,1000,3,0.17329529998824,173.29529998824,176.44100007601082,180.09959999471903,10869,8132
2000,bucle,230,True,1000,3,0.18863829993642867,188.63829993642867,188.67880012840033,188.99709987454116,7816,16132
2000,pandas,230,True,1000,3,0.17683749995194376,176.83749995194376,177.34179995022714,181.68919999152422,17437,16132
5000,bucle,569,True,1000,3,0.4764221999794245,476.4221999794245,480.16560007818043,508.6395000107587,18832,40132
5000,pandas,569,True,1000,3,0.1877138998825103,187.7138998825103,190.47260005027056,193.41840012930334,36737,40132
10000,bucle,1134,True,1000,3,0.9566112998872995,956.6112998872995,961.0810000449419,973.4107998665422,37608,80132
10000,pandas,1134,True,1000,3,0.20545210014097393,205.45210014097393,208.52979994378984,231.23070015572011,68857,80132
20000,bucle,2256,True,1000,3,1.9239610000513494,1923.9610000513494,1938.9635999687016,1943.6122002080083,72760,160132
20000,pandas,2256,True,1000,3,0.24637329997494817,246.3732999749482,248.01020021550357,248.90580005012453,132713,160132
50000,bucle,5643,True,1000,3,4.79697829997167,4796.97829997167,4856.931900139898,4877.044199965894,182976,400132
50000,pandas,5643,True,1000,3,0.3467899998649955,346.7899998649955,350.1999999862164,353.3101000357419,325289,400132
